Workbook

Sheet ticket
A1: TICKET DATA
A2: ticket_id | B2: created_at | C2: closed_at | D2: outlet_id | E2: cms_id
A3: isu-sjd-457 | B3: 2021-08-19 16:45:43 | C3: 2021-08-22 12:33:32 | D3: wrqy-juv-978 | E3: vew-iuvd-12
A4: qer-fal-092 | B4: 2021-08-21 11:09:22 | C4: 2021-08-21 17:13:45 | D4: 8woh-k3u-23b | E4: cms-abc-001
A5: mno-xyz-123 | B5: 2021-08-22 09:00:00 | C5: 2021-08-22 09:45:00 | D5: wrqy-juv-978 | E5: cms-abc-002
A6: pqr-lmn-456 | B6: 2021-08-23 14:00:00 | C6: 2021-08-24 10:00:00 | D6: 9xtr-m2p-44a | E6: cms-def-003
A7: abc-def-789 | B7: 2021-08-24 08:30:00 | C7: 2021-08-24 08:55:00 | D7: 8woh-k3u-23b | E7: cms-ghi-004
A8: tuv-wxy-321 | B8: 2021-08-25 10:00:00 | C8: 2021-08-25 10:30:00 | D8: wrqy-juv-978 | E8: cms-jkl-005
A9: ghi-jkl-654 | B9: 2021-08-25 13:15:00 | C9: 2021-08-26 09:00:00 | D9: 9xtr-m2p-44a | E9: cms-mno-006
A10: rst-uvw-987 | B10: 2021-08-26 15:00:00 | C10: 2021-08-26 15:45:00 | D10: 8woh-k3u-23b | E10: cms-pqr-007

Sheet feedbacks
A1: FEEDBACKS DATA
A2: cms_id | B2: feedback_at | C2: feedback_rating | D2: ticket_created_at
A3: vew-iuvd-12 | B3: 2021-08-21 13:26:48 | C3: 3 | D3: =IFERROR(INDEX(ticket!$B:$B,MATCH(A3,ticket!$E:$E,0)),"Not Found") -> 2021-08-19 16:45:43
A4: cms-abc-001 | B4: 2021-08-22 10:00:00 | C4: 4 | D4: =IFERROR(INDEX(ticket!$B:$B,MATCH(A4,ticket!$E:$E,0)),"Not Found") -> 2021-08-21 11:09:22
A5: cms-abc-002 | B5: 2021-08-23 08:00:00 | C5: 5 | D5: =IFERROR(INDEX(ticket!$B:$B,MATCH(A5,ticket!$E:$E,0)),"Not Found") -> 2021-08-22 09:00:00
A6: cms-def-003 | B6: 2021-08-25 09:00:00 | C6: 2 | D6: =IFERROR(INDEX(ticket!$B:$B,MATCH(A6,ticket!$E:$E,0)),"Not Found") -> 2021-08-23 14:00:00
A7: cms-ghi-004 | B7: 2021-08-25 11:00:00 | C7: 4 | D7: =IFERROR(INDEX(ticket!$B:$B,MATCH(A7,ticket!$E:$E,0)),"Not Found") -> 2021-08-24 08:30:00
A8: cms-jkl-005 | B8: 2021-08-26 09:30:00 | C8: 3 | D8: =IFERROR(INDEX(ticket!$B:$B,MATCH(A8,ticket!$E:$E,0)),"Not Found") -> 2021-08-25 10:00:00
A9: cms-mno-006 | B9: 2021-08-27 10:00:00 | C9: 5 | D9: =IFERROR(INDEX(ticket!$B:$B,MATCH(A9,ticket!$E:$E,0)),"Not Found") -> 2021-08-25 13:15:00
A10: cms-pqr-007 | B10: 2021-08-27 14:00:00 | C10: 4 | D10: =IFERROR(INDEX(ticket!$B:$B,MATCH(A10,ticket!$E:$E,0)),"Not Found") -> 2021-08-26 15:00:00
B13: Q1:Bring the created_at date from the ticket sheet into the feedbacks sheet.

Sheet Analysis
A1: ANALYSIS — Q2: Same Day & Same Hour Count by Outlet
A2: ticket_id | B2: created_at | C2: closed_at | D2: outlet_id | E2: Same Day? | F2: Same Hour?
A3: isu-sjd-457 | B3: 2021-08-19 16:45:43 | C3: 2021-08-22 12:33:32 | D3: wrqy-juv-978 | E3: =IF(INT(B3)=INT(C3),"Yes","No") -> No | F3: =IF(AND(INT(B3)=INT(C3),HOUR(B3)=HOUR(C3)),"Yes","No") -> No
A4: qer-fal-092 | B4: 2021-08-21 11:09:22 | C4: 2021-08-21 17:13:45 | D4: 8woh-k3u-23b | E4: =IF(INT(B4)=INT(C4),"Yes","No") -> Yes | F4: =IF(AND(INT(B4)=INT(C4),HOUR(B4)=HOUR(C4)),"Yes","No") -> No
A5: mno-xyz-123 | B5: 2021-08-22 09:00:00 | C5: 2021-08-22 09:45:00 | D5: wrqy-juv-978 | E5: =IF(INT(B5)=INT(C5),"Yes","No") -> Yes | F5: =IF(AND(INT(B5)=INT(C5),HOUR(B5)=HOUR(C5)),"Yes","No") -> Yes
A6: pqr-lmn-456 | B6: 2021-08-23 14:00:00 | C6: 2021-08-24 10:00:00 | D6: 9xtr-m2p-44a | E6: =IF(INT(B6)=INT(C6),"Yes","No") -> No | F6: =IF(AND(INT(B6)=INT(C6),HOUR(B6)=HOUR(C6)),"Yes","No") -> No
A7: abc-def-789 | B7: 2021-08-24 08:30:00 | C7: 2021-08-24 08:55:00 | D7: 8woh-k3u-23b | E7: =IF(INT(B7)=INT(C7),"Yes","No") -> Yes | F7: =IF(AND(INT(B7)=INT(C7),HOUR(B7)=HOUR(C7)),"Yes","No") -> Yes
A8: tuv-wxy-321 | B8: 2021-08-25 10:00:00 | C8: 2021-08-25 10:30:00 | D8: wrqy-juv-978 | E8: =IF(INT(B8)=INT(C8),"Yes","No") -> Yes | F8: =IF(AND(INT(B8)=INT(C8),HOUR(B8)=HOUR(C8)),"Yes","No") -> Yes
A9: ghi-jkl-654 | B9: 2021-08-25 13:15:00 | C9: 2021-08-26 09:00:00 | D9: 9xtr-m2p-44a | E9: =IF(INT(B9)=INT(C9),"Yes","No") -> No | F9: =IF(AND(INT(B9)=INT(C9),HOUR(B9)=HOUR(C9)),"Yes","No") -> No
A10: rst-uvw-987 | B10: 2021-08-26 15:00:00 | C10: 2021-08-26 15:45:00 | D10: 8woh-k3u-23b | E10: =IF(INT(B10)=INT(C10),"Yes","No") -> Yes | F10: =IF(AND(INT(B10)=INT(C10),HOUR(B10)=HOUR(C10)),"Yes","No") -> Yes
A12: OUTLET-WISE SUMMARY
A13: Outlet ID | B13: Q2a: Same Day Count | C13: Q2b: Same Hour Count
A14: 8woh-k3u-23b | B14: =COUNTIFS($D$3:$D$10,A14,$E$3:$E$10,"Yes") -> 3 | C14: =COUNTIFS($D$3:$D$10,A14,$F$3:$F$10,"Yes") -> 2
A15: 9xtr-m2p-44a | B15: =COUNTIFS($D$3:$D$10,A15,$E$3:$E$10,"Yes") -> 0 | C15: =COUNTIFS($D$3:$D$10,A15,$F$3:$F$10,"Yes") -> 0
A16: wrqy-juv-978 | B16: =COUNTIFS($D$3:$D$10,A16,$E$3:$E$10,"Yes") -> 2 | C16: =COUNTIFS($D$3:$D$10,A16,$F$3:$F$10,"Yes") -> 2

Sheet Formula Notes
A1: FORMULA & APPROACH NOTES
A2: QUESTION 1 | B2: Populate 'ticket_created_at' in feedbacks sheet
A3: Formula Used | B3: Formula = INDEX(ticket!B:B, MATCH(A2, ticket!E:E, 0))
A4: Why INDEX-MATCH? | B4: VLOOKUP only looks RIGHT from its lookup column. cms_id is in col E but created_at is in col B (to the LEFT), so we use INDEX-MATCH which works in any direction.
A5: Link Key | B5: feedbacks.cms_id ←→ ticket.cms_id (column E of ticket sheet)
A7: QUESTION 2a | B7: Count tickets created AND closed on the SAME DAY, per outlet
A8: Helper Col E | B8: Formula: =IF(INT(created_at)=INT(closed_at), "Yes", "No") — INT() removes the time part, leaving only the date serial number
A9: Summary | B9: Formula: =COUNTIFS(outlet_col, outlet_id, sameday_col, "Yes")
A11: QUESTION 2b | B11: Count tickets created AND closed in the SAME HOUR of the same day, per outlet
A12: Helper Col F | B12: Formula: =IF(AND(INT(created_at)=INT(closed_at), HOUR(created_at)=HOUR(closed_at)), "Yes", "No")
A13: Summary | B13: Formula: =COUNTIFS(outlet_col, outlet_id, samehour_col, "Yes")
